<?xml version="1.0" encoding="UTF-8"?>
<project-private xmlns="http://www.netbeans.org/ns/project-private/1">
    <editor-bookmarks xmlns="http://www.netbeans.org/ns/editor-bookmarks/2" lastBookmarkId="0"/>
    <open-files xmlns="http://www.netbeans.org/ns/projectui-open-files/2">
        <group>
            <file>file:/F:/Proyectos%20Alumnos%202019-II/605.%20Jain,%20Hernandez%20Santiago/Proyecto%20Final/src/imagenes/VentanaPrincipal.java</file>
            <file>file:/F:/Proyectos%20Alumnos%202019-II/605.%20Jain,%20Hernandez%20Santiago/Proyecto%20Final/src/proyecto/pkgfinal/ProyectoFinal.java</file>
        </group>
    </open-files>
</project-private>
